ID;COD_ADMINISTRADOR;
4501;'ji39@yahoo.com';
4502;'me32@uniandes.edu.co';
4503;'ni27@uniandes.edu.co';
4504;'xe69@gmail.com';
4505;'zebo70@yahoo.com';
4506;'zihi33@hotmail.com';
4507;'te97@gmail.com';
4508;'mi71@yahoo.com';
4509;'nolo72@uniandes.edu.co';
4510;'mi14@uniandes.edu.co';
4511;'xu4@uniandes.edu.co';
4512;'tipu74@uniandes.edu.co';
4513;'wu28@yahoo.com';
4514;'bico12@yahoo.com';
4515;'fado22@gmail.com';
4516;'gixi51@yahoo.com';
4517;'ka83@gmail.com';
4518;'leli97@yahoo.com';
4519;'ni36@yahoo.com';
4520;'ni44@uniandes.edu.co';
4521;'qipe68@gmail.com';
4522;'ce70@uniandes.edu.co';
4523;'ji4@hotmail.com';
4524;'ko55@yahoo.com';
4525;'hose83@gmail.com';
4526;'vofe30@yahoo.com';
4527;'ha61@gmail.com';
4528;'ca37@uniandes.edu.co';
4529;'wenu82@gmail.com';
4530;'va26@gmail.com';
4531;'nuku12@yahoo.com';
4532;'huqi23@gmail.com';
4533;'qe47@hotmail.com';
4534;'se30@hotmail.com';
4535;'do2@gmail.com';
4536;'ga61@hotmail.com';
4537;'ku51@uniandes.edu.co';
4538;'vazo63@uniandes.edu.co';
4539;'le82@hotmail.com';
4540;'yixe21@yahoo.com';
4541;'fazo8@yahoo.com';
4542;'sefi96@uniandes.edu.co';
4543;'nu59@gmail.com';
4544;'fili55@yahoo.com';
4545;'fali22@gmail.com';
4546;'wa75@yahoo.com';
4547;'co11@uniandes.edu.co';
4548;'wa60@gmail.com';
4549;'heqi29@hotmail.com';
4550;'suga36@uniandes.edu.co';
4551;'ru11@hotmail.com';
4552;'keta84@uniandes.edu.co';
4553;'meco47@hotmail.com';
4554;'gici81@gmail.com';
4555;'bowi1@yahoo.com';
4556;'cuyu59@hotmail.com';
4557;'vigi73@hotmail.com';
4558;'ya79@uniandes.edu.co';
4559;'qe27@yahoo.com';
4560;'ki77@gmail.com';
4561;'gaso79@gmail.com';
4562;'xo71@uniandes.edu.co';
4563;'dipa75@yahoo.com';
4564;'zi33@uniandes.edu.co';
4565;'ne73@gmail.com';
4566;'mevu17@yahoo.com';
4567;'ma9@uniandes.edu.co';
4568;'wenu82@yahoo.com';
4569;'cu3@yahoo.com';
4570;'nequ59@yahoo.com';
4571;'po27@yahoo.com';
4572;'yi84@gmail.com';
4573;'wo55@yahoo.com';
4574;'qulo32@uniandes.edu.co';
4575;'junu95@hotmail.com';
4576;'ze85@gmail.com';
4577;'me18@gmail.com';
4578;'hu10@hotmail.com';
4579;'qu50@hotmail.com';
4580;'koxu9@gmail.com';
4581;'ta59@uniandes.edu.co';
4582;'mu8@uniandes.edu.co';
4583;'zo78@uniandes.edu.co';
4584;'je77@hotmail.com';
4585;'nice78@gmail.com';
4586;'jo96@yahoo.com';
4587;'quju35@yahoo.com';
4588;'ze80@hotmail.com';
4589;'ju30@yahoo.com';
4590;'de3@hotmail.com';
4591;'we2@gmail.com';
4592;'fasu63@gmail.com';
4593;'roya5@hotmail.com';
4594;'re49@yahoo.com';
4595;'le87@uniandes.edu.co';
4596;'zovu61@yahoo.com';
4597;'bu15@yahoo.com';
4598;'done30@gmail.com';
4599;'bi44@hotmail.com';
4600;'ju42@hotmail.com';
4601;'dano69@yahoo.com';
4602;'nuti88@uniandes.edu.co';
4603;'sefa8@hotmail.com';
4604;'roku68@gmail.com';
4605;'laxo95@hotmail.com';
4606;'pe83@uniandes.edu.co';
4607;'da53@gmail.com';
4608;'vova56@gmail.com';
4609;'neno25@hotmail.com';
4610;'bo95@hotmail.com';
4611;'rudi5@uniandes.edu.co';
4612;'ci80@yahoo.com';
4613;'vafe9@yahoo.com';
4614;'ju99@uniandes.edu.co';
4615;'ku67@hotmail.com';
4616;'fomu64@hotmail.com';
4617;'la27@yahoo.com';
4618;'va67@gmail.com';
4619;'toxe13@yahoo.com';
4620;'hete94@yahoo.com';
4621;'wezu71@gmail.com';
4622;'re95@uniandes.edu.co';
4623;'gage28@gmail.com';
4624;'luyi73@uniandes.edu.co';
4625;'weqe61@gmail.com';
4626;'ji16@yahoo.com';
4627;'ka18@uniandes.edu.co';
4628;'jeme39@gmail.com';
4629;'lera2@yahoo.com';
4630;'juci12@hotmail.com';
4631;'se60@gmail.com';
4632;'yu11@hotmail.com';
4633;'gi27@hotmail.com';
4634;'sulu93@gmail.com';
4635;'ri55@hotmail.com';
4636;'mi37@gmail.com';
4637;'wi96@yahoo.com';
4638;'te62@uniandes.edu.co';
4639;'buku47@yahoo.com';
4640;'wi52@hotmail.com';
4641;'be4@hotmail.com';
4642;'di44@yahoo.com';
4643;'sege57@hotmail.com';
4644;'lu17@gmail.com';
4645;'lemo39@uniandes.edu.co';
4646;'kodi80@uniandes.edu.co';
4647;'xu92@yahoo.com';
4648;'caha65@gmail.com';
4649;'vale61@uniandes.edu.co';
4650;'po58@yahoo.com';
4651;'wayi52@hotmail.com';
4652;'xoge7@uniandes.edu.co';
4653;'nava4@hotmail.com';
4654;'su61@yahoo.com';
4655;'pamu31@uniandes.edu.co';
4656;'quga69@hotmail.com';
4657;'rotu44@hotmail.com';
4658;'fe49@uniandes.edu.co';
4659;'bexo33@yahoo.com';
4660;'kuwe95@uniandes.edu.co';
4661;'pa48@hotmail.com';
4662;'de95@uniandes.edu.co';
4663;'tava11@hotmail.com';
4664;'ju70@gmail.com';
4665;'lave18@uniandes.edu.co';
4666;'ca41@hotmail.com';
4667;'wu47@yahoo.com';
4668;'xiqe77@gmail.com';
4669;'fe4@uniandes.edu.co';
4670;'ge3@uniandes.edu.co';
4671;'ne30@gmail.com';
4672;'pi70@hotmail.com';
4673;'xo75@yahoo.com';
4674;'xovu18@gmail.com';
4675;'kagu51@yahoo.com';
4676;'wome20@hotmail.com';
4677;'cimo66@gmail.com';
4678;'bino6@yahoo.com';
4679;'ji9@hotmail.com';
4680;'lo35@yahoo.com';
4681;'toka8@uniandes.edu.co';
4682;'va21@gmail.com';
4683;'ne72@hotmail.com';
4684;'yu6@hotmail.com';
4685;'hile83@gmail.com';
4686;'yote11@hotmail.com';
4687;'kidi71@yahoo.com';
4688;'bi50@gmail.com';
4689;'wi36@yahoo.com';
4690;'he83@yahoo.com';
4691;'do47@yahoo.com';
4692;'qeqi76@hotmail.com';
4693;'ge78@hotmail.com';
4694;'wabi60@gmail.com';
4695;'saba70@uniandes.edu.co';
4696;'rowi43@gmail.com';
4697;'re7@gmail.com';
4698;'kune50@gmail.com';
4699;'jafu67@gmail.com';
4700;'qa91@gmail.com';
4701;'kiki24@gmail.com';
4702;'tu88@uniandes.edu.co';
4703;'meta20@uniandes.edu.co';
4704;'gapi93@gmail.com';
4705;'rova56@gmail.com';
4706;'pego30@yahoo.com';
4707;'jame37@uniandes.edu.co';
4708;'xicu76@hotmail.com';
4709;'zo55@hotmail.com';
4710;'ci59@uniandes.edu.co';
4711;'ge35@gmail.com';
4712;'fice99@uniandes.edu.co';
4713;'su77@gmail.com';
4714;'fo56@gmail.com';
4715;'ha83@uniandes.edu.co';
4716;'nu83@hotmail.com';
4717;'di68@yahoo.com';
4718;'ziqo5@uniandes.edu.co';
4719;'xezi86@gmail.com';
4720;'kiqe57@yahoo.com';
4721;'dedo10@gmail.com';
4722;'fu94@yahoo.com';
4723;'demu20@hotmail.com';
4724;'zo75@hotmail.com';
4725;'ci11@yahoo.com';
4726;'yeba8@hotmail.com';
4727;'vozu1@yahoo.com';
4728;'rozu74@uniandes.edu.co';
4729;'za69@hotmail.com';
4730;'loso19@gmail.com';
4731;'zegu79@hotmail.com';
4732;'kaji71@uniandes.edu.co';
4733;'sadu8@yahoo.com';
4734;'fifa22@hotmail.com';
4735;'fenu91@uniandes.edu.co';
4736;'risi44@gmail.com';
4737;'koyu69@gmail.com';
4738;'bamu68@uniandes.edu.co';
4739;'po17@hotmail.com';
4740;'huwu50@yahoo.com';
4741;'reno31@hotmail.com';
4742;'wa35@gmail.com';
4743;'zuha41@yahoo.com';
4744;'vuzi92@gmail.com';
4745;'kocu77@yahoo.com';
4746;'za63@hotmail.com';
4747;'qo26@yahoo.com';
4748;'vi68@gmail.com';
4749;'guya33@hotmail.com';
4750;'fo37@yahoo.com';
4751;'pa11@gmail.com';
4752;'gepu85@hotmail.com';
4753;'lo93@uniandes.edu.co';
4754;'debe35@uniandes.edu.co';
4755;'vimi48@yahoo.com';
4756;'ku43@yahoo.com';
4757;'ti28@yahoo.com';
4758;'viyi89@gmail.com';
4759;'soxi7@uniandes.edu.co';
4760;'mi10@hotmail.com';
4761;'gi16@hotmail.com';
4762;'vugu12@gmail.com';
4763;'xare86@uniandes.edu.co';
4764;'woro83@uniandes.edu.co';
4765;'cu66@uniandes.edu.co';
4766;'yaxe25@yahoo.com';
4767;'pide16@gmail.com';
4768;'pa2@hotmail.com';
4769;'leyo5@uniandes.edu.co';
4770;'pawo17@hotmail.com';
4771;'ri57@yahoo.com';
4772;'qicu71@uniandes.edu.co';
4773;'woqo15@uniandes.edu.co';
4774;'so51@yahoo.com';
4775;'qiri90@hotmail.com';
4776;'bi21@yahoo.com';
4777;'do28@gmail.com';
4778;'pecu5@uniandes.edu.co';
4779;'jo82@uniandes.edu.co';
4780;'zima1@gmail.com';
4781;'mejo66@hotmail.com';
4782;'neru85@yahoo.com';
4783;'gu36@gmail.com';
4784;'te88@uniandes.edu.co';
4785;'bafi62@uniandes.edu.co';
4786;'ga7@hotmail.com';
4787;'si32@yahoo.com';
4788;'la35@gmail.com';
4789;'loyi1@hotmail.com';
4790;'bipo75@hotmail.com';
4791;'bena78@gmail.com';
4792;'ne65@gmail.com';
4793;'ke10@hotmail.com';
4794;'vado91@gmail.com';
4795;'wi44@yahoo.com';
4796;'keru56@uniandes.edu.co';
4797;'bube56@uniandes.edu.co';
4798;'fa32@gmail.com';
4799;'nu88@yahoo.com';
4800;'to60@gmail.com';
4801;'guxa56@yahoo.com';
4802;'yi91@yahoo.com';
4803;'kiwa42@gmail.com';
4804;'ni11@yahoo.com';
4805;'za78@yahoo.com';
4806;'ra20@uniandes.edu.co';
4807;'yu33@gmail.com';
4808;'ke50@uniandes.edu.co';
4809;'mu92@uniandes.edu.co';
4810;'suze3@hotmail.com';
4811;'yulo46@hotmail.com';
4812;'yeja44@uniandes.edu.co';
4813;'wu69@gmail.com';
4814;'geca75@gmail.com';
4815;'zopu55@yahoo.com';
4816;'buri47@yahoo.com';
4817;'xugu60@uniandes.edu.co';
4818;'dume69@hotmail.com';
4819;'qu54@uniandes.edu.co';
4820;'xeto73@yahoo.com';
4821;'lopa15@gmail.com';
4822;'kosi57@yahoo.com';
4823;'hi83@uniandes.edu.co';
4824;'yo30@uniandes.edu.co';
4825;'weze17@hotmail.com';
4826;'quna87@yahoo.com';
4827;'kage10@hotmail.com';
4828;'tata56@uniandes.edu.co';
4829;'he34@uniandes.edu.co';
4830;'yiha9@yahoo.com';
4831;'qi35@uniandes.edu.co';
4832;'fade18@uniandes.edu.co';
4833;'jecu74@gmail.com';
4834;'hile1@uniandes.edu.co';
4835;'sase74@hotmail.com';
4836;'lo58@hotmail.com';
4837;'ge67@gmail.com';
4838;'he79@yahoo.com';
4839;'meke84@gmail.com';
4840;'qaze65@yahoo.com';
4841;'hi33@gmail.com';
4842;'yenu44@yahoo.com';
4843;'ge3@hotmail.com';
4844;'zo50@uniandes.edu.co';
4845;'qibu17@uniandes.edu.co';
4846;'vosa28@hotmail.com';
4847;'wu7@hotmail.com';
4848;'wa36@gmail.com';
4849;'maxo77@gmail.com';
4850;'cu49@uniandes.edu.co';
4851;'ko33@yahoo.com';
4852;'samo81@uniandes.edu.co';
4853;'jini73@yahoo.com';
4854;'toga84@uniandes.edu.co';
4855;'vo43@uniandes.edu.co';
4856;'lari67@gmail.com';
4857;'hu36@uniandes.edu.co';
4858;'yojo12@uniandes.edu.co';
4859;'viza87@yahoo.com';
4860;'zezo74@hotmail.com';
4861;'mu27@gmail.com';
4862;'co82@uniandes.edu.co';
4863;'cifa50@yahoo.com';
4864;'ra35@gmail.com';
4865;'cu41@yahoo.com';
4866;'gawe69@uniandes.edu.co';
4867;'sexi11@gmail.com';
4868;'le92@gmail.com';
4869;'woxa13@gmail.com';
4870;'bi10@yahoo.com';
4871;'moma36@uniandes.edu.co';
4872;'tila71@uniandes.edu.co';
4873;'wu68@uniandes.edu.co';
4874;'ye41@yahoo.com';
4875;'tevi92@gmail.com';
4876;'xuba92@yahoo.com';
4877;'bo25@yahoo.com';
4878;'laco80@hotmail.com';
4879;'hiyi13@yahoo.com';
4880;'suwe94@hotmail.com';
4881;'xeni19@yahoo.com';
4882;'seje16@yahoo.com';
4883;'ya74@yahoo.com';
4884;'wa11@yahoo.com';
4885;'qo87@hotmail.com';
4886;'ga20@yahoo.com';
4887;'ku77@uniandes.edu.co';
4888;'yavi51@uniandes.edu.co';
4889;'re53@hotmail.com';
4890;'vujo14@uniandes.edu.co';
4891;'sari39@hotmail.com';
4892;'so15@gmail.com';
4893;'wico77@hotmail.com';
4894;'role60@hotmail.com';
4895;'sebe21@hotmail.com';
4896;'re84@uniandes.edu.co';
4897;'xi1@hotmail.com';
4898;'ze37@hotmail.com';
4899;'co65@gmail.com';
4900;'fu80@yahoo.com';
4901;'tuhu21@hotmail.com';
4902;'regu74@yahoo.com';
4903;'pige35@yahoo.com';
4904;'gu30@gmail.com';
4905;'mo42@hotmail.com';
4906;'ba11@gmail.com';
4907;'disu90@gmail.com';
4908;'baqi39@uniandes.edu.co';
4909;'joxa60@yahoo.com';
4910;'mato98@gmail.com';
4911;'te2@gmail.com';
4912;'wa26@uniandes.edu.co';
4913;'nejo94@gmail.com';
4914;'ke26@yahoo.com';
4915;'sova53@gmail.com';
4916;'faki95@uniandes.edu.co';
4917;'ba76@gmail.com';
4918;'finu90@uniandes.edu.co';
4919;'quro94@yahoo.com';
4920;'riri21@yahoo.com';
4921;'qu13@yahoo.com';
4922;'co92@gmail.com';
4923;'ki77@hotmail.com';
4924;'civa63@uniandes.edu.co';
4925;'vaye17@uniandes.edu.co';
4926;'voke48@yahoo.com';
4927;'vumi78@gmail.com';
4928;'zixu70@yahoo.com';
4929;'wa21@hotmail.com';
4930;'nucu61@hotmail.com';
4931;'xo99@hotmail.com';
4932;'rico79@yahoo.com';
4933;'coja72@gmail.com';
4934;'moze47@hotmail.com';
4935;'dawe75@hotmail.com';
4936;'me10@yahoo.com';
4937;'lixe21@yahoo.com';
4938;'wi74@hotmail.com';
4939;'yasu69@yahoo.com';
4940;'zi8@uniandes.edu.co';
4941;'cuwi26@hotmail.com';
4942;'bi73@gmail.com';
4943;'zi5@yahoo.com';
4944;'ta63@yahoo.com';
4945;'yoqi38@gmail.com';
4946;'wifo30@hotmail.com';
4947;'go97@yahoo.com';
4948;'rigu34@uniandes.edu.co';
4949;'ya93@hotmail.com';
4950;'ciqa49@uniandes.edu.co';
4951;'hipi52@yahoo.com';
4952;'ce4@hotmail.com';
4953;'sa45@uniandes.edu.co';
4954;'pufa83@hotmail.com';
4955;'lu37@hotmail.com';
4956;'sajo37@hotmail.com';
4957;'voke81@yahoo.com';
4958;'fa87@gmail.com';
4959;'taye42@yahoo.com';
4960;'jucu25@uniandes.edu.co';
4961;'qizo30@yahoo.com';
4962;'bafe1@yahoo.com';
4963;'jodo77@yahoo.com';
4964;'noja30@yahoo.com';
4965;'yocu44@yahoo.com';
4966;'xa39@uniandes.edu.co';
4967;'ve72@gmail.com';
4968;'gaya72@uniandes.edu.co';
4969;'vini15@gmail.com';
4970;'ni55@uniandes.edu.co';
4971;'buwi58@uniandes.edu.co';
4972;'qa78@gmail.com';
4973;'juni49@uniandes.edu.co';
4974;'go24@yahoo.com';
4975;'reca87@hotmail.com';
4976;'cu35@yahoo.com';
4977;'pedi12@uniandes.edu.co';
4978;'xoja18@yahoo.com';
4979;'jo55@gmail.com';
4980;'cega4@hotmail.com';
4981;'ze27@uniandes.edu.co';
4982;'xi41@gmail.com';
4983;'qene78@hotmail.com';
4984;'mi11@yahoo.com';
4985;'hela2@hotmail.com';
4986;'sowe81@hotmail.com';
4987;'male6@hotmail.com';
4988;'yugo6@uniandes.edu.co';
4989;'yune76@hotmail.com';
4990;'kena67@gmail.com';
4991;'ro40@yahoo.com';
4992;'ra35@yahoo.com';
4993;'dole70@gmail.com';
4994;'li88@uniandes.edu.co';
4995;'jiti51@hotmail.com';
4996;'vodu3@uniandes.edu.co';
4997;'jebe31@yahoo.com';
4998;'fefe25@hotmail.com';
4999;'nahe30@uniandes.edu.co';
5000;'nepo58@hotmail.com';
5001;'ze75@hotmail.com';
5002;'hu23@uniandes.edu.co';
5003;'jiwu71@uniandes.edu.co';
5004;'ba26@uniandes.edu.co';
5005;'ve17@yahoo.com';
5006;'kisu36@yahoo.com';
5007;'cufe48@hotmail.com';
5008;'hi3@hotmail.com';
5009;'buli79@uniandes.edu.co';
5010;'rofa14@uniandes.edu.co';
5011;'qi42@hotmail.com';
5012;'be59@yahoo.com';
5013;'ba49@uniandes.edu.co';
5014;'zire34@hotmail.com';
5015;'xuwa84@uniandes.edu.co';
5016;'zefa28@hotmail.com';
5017;'geci95@yahoo.com';
5018;'ci30@uniandes.edu.co';
5019;'lo39@uniandes.edu.co';
5020;'yoju72@uniandes.edu.co';
5021;'za30@yahoo.com';
5022;'guwo18@gmail.com';
5023;'mi53@uniandes.edu.co';
5024;'tetu28@yahoo.com';
5025;'gora43@hotmail.com';
5026;'wu7@yahoo.com';
5027;'pu44@hotmail.com';
5028;'tu24@yahoo.com';
5029;'riho84@uniandes.edu.co';
5030;'ninu73@hotmail.com';
5031;'nima85@gmail.com';
5032;'lu87@uniandes.edu.co';
5033;'yuti30@uniandes.edu.co';
5034;'ho21@gmail.com';
5035;'xa30@gmail.com';
5036;'jo85@gmail.com';
5037;'za79@hotmail.com';
5038;'curu74@uniandes.edu.co';
5039;'ze92@uniandes.edu.co';
5040;'fo61@hotmail.com';
5041;'mila8@hotmail.com';
5042;'teyi33@gmail.com';
5043;'niti54@yahoo.com';
5044;'po70@gmail.com';
5045;'zo21@gmail.com';
5046;'wu15@gmail.com';
5047;'hi44@yahoo.com';
5048;'qu45@gmail.com';
5049;'ya49@uniandes.edu.co';
5050;'ko86@gmail.com';
5051;'qayo25@uniandes.edu.co';
5052;'va47@uniandes.edu.co';
5053;'ne11@yahoo.com';
5054;'japo60@uniandes.edu.co';
5055;'gu47@hotmail.com';
5056;'poxi73@gmail.com';
5057;'zovi3@uniandes.edu.co';
5058;'za4@yahoo.com';
5059;'yola16@uniandes.edu.co';
5060;'xofu91@uniandes.edu.co';
5061;'mi60@uniandes.edu.co';
5062;'hu28@gmail.com';
5063;'cifi72@hotmail.com';
5064;'pigu62@uniandes.edu.co';
5065;'qedi89@uniandes.edu.co';
5066;'meza96@gmail.com';
5067;'ki42@hotmail.com';
5068;'veca41@hotmail.com';
5069;'za6@yahoo.com';
5070;'quti88@uniandes.edu.co';
5071;'hume54@uniandes.edu.co';
5072;'xifa72@hotmail.com';
5073;'da31@hotmail.com';
5074;'xazu53@uniandes.edu.co';
5075;'li85@gmail.com';
5076;'ro92@hotmail.com';
5077;'zake40@uniandes.edu.co';
5078;'xa18@hotmail.com';
5079;'ke45@uniandes.edu.co';
5080;'bu60@uniandes.edu.co';
5081;'viro40@hotmail.com';
5082;'rivo91@gmail.com';
5083;'pape26@gmail.com';
5084;'jeso6@gmail.com';
5085;'sopa4@hotmail.com';
5086;'ze32@uniandes.edu.co';
5087;'zama88@yahoo.com';
5088;'do51@uniandes.edu.co';
5089;'subu25@yahoo.com';
5090;'viza72@hotmail.com';
5091;'cipe31@hotmail.com';
5092;'gu76@uniandes.edu.co';
5093;'tu4@uniandes.edu.co';
5094;'wo34@gmail.com';
5095;'muca23@yahoo.com';
5096;'soja78@gmail.com';
5097;'yeni50@gmail.com';
5098;'su9@uniandes.edu.co';
5099;'du46@yahoo.com';
5100;'gubu13@uniandes.edu.co';
5101;'me57@gmail.com';
5102;'mito77@uniandes.edu.co';
5103;'jake15@hotmail.com';
5104;'xe40@hotmail.com';
5105;'ce27@hotmail.com';
5106;'bapu32@gmail.com';
5107;'lexe93@uniandes.edu.co';
5108;'laqu41@uniandes.edu.co';
5109;'ho42@uniandes.edu.co';
5110;'cu76@gmail.com';
5111;'ki35@uniandes.edu.co';
5112;'ya9@hotmail.com';
5113;'zuzi27@uniandes.edu.co';
5114;'du74@gmail.com';
5115;'sujo98@uniandes.edu.co';
5116;'lofu97@gmail.com';
5117;'do56@hotmail.com';
5118;'we59@gmail.com';
5119;'vozo42@hotmail.com';
5120;'gaju72@gmail.com';
5121;'cu56@yahoo.com';
5122;'ha63@yahoo.com';
5123;'ze48@yahoo.com';
5124;'de43@yahoo.com';
5125;'xana61@gmail.com';
5126;'veqe63@uniandes.edu.co';
5127;'yo55@yahoo.com';
5128;'yobi41@gmail.com';
5129;'vafu77@uniandes.edu.co';
5130;'nopa97@uniandes.edu.co';
5131;'vezu19@uniandes.edu.co';
5132;'ga37@uniandes.edu.co';
5133;'nene6@uniandes.edu.co';
5134;'hi7@gmail.com';
5135;'ve87@hotmail.com';
5136;'moba86@gmail.com';
5137;'xoce65@yahoo.com';
5138;'nupi47@uniandes.edu.co';
5139;'nalu30@hotmail.com';
5140;'hu65@hotmail.com';
5141;'qi25@hotmail.com';
5142;'yuzi64@hotmail.com';
5143;'rega77@yahoo.com';
5144;'heya7@uniandes.edu.co';
5145;'lili38@uniandes.edu.co';
5146;'bi61@yahoo.com';
5147;'xixu99@uniandes.edu.co';
5148;'yace41@gmail.com';
5149;'fafu62@uniandes.edu.co';
5150;'heji16@uniandes.edu.co';
5151;'qi93@uniandes.edu.co';
5152;'mi74@uniandes.edu.co';
5153;'yo90@gmail.com';
5154;'vi22@hotmail.com';
5155;'bo47@yahoo.com';
5156;'we35@uniandes.edu.co';
5157;'nudo36@gmail.com';
5158;'juca5@hotmail.com';
5159;'nacu9@gmail.com';
5160;'nu9@uniandes.edu.co';
5161;'de94@yahoo.com';
5162;'yepo7@uniandes.edu.co';
5163;'zi31@yahoo.com';
5164;'wu21@hotmail.com';
5165;'muzi21@yahoo.com';
5166;'we26@uniandes.edu.co';
5167;'bi6@hotmail.com';
5168;'wune49@yahoo.com';
5169;'ve71@uniandes.edu.co';
5170;'pa71@gmail.com';
5171;'boti44@hotmail.com';
5172;'seba69@hotmail.com';
5173;'ge70@gmail.com';
5174;'haba12@uniandes.edu.co';
5175;'pe38@hotmail.com';
5176;'wo95@hotmail.com';
5177;'go56@uniandes.edu.co';
5178;'laju41@gmail.com';
5179;'qi78@gmail.com';
5180;'cexi3@gmail.com';
5181;'deru42@uniandes.edu.co';
5182;'fumu34@gmail.com';
5183;'la96@hotmail.com';
5184;'bozu11@gmail.com';
5185;'muve77@hotmail.com';
5186;'koqi40@gmail.com';
5187;'taro99@yahoo.com';
5188;'meru71@gmail.com';
5189;'ha13@gmail.com';
5190;'ho24@yahoo.com';
5191;'ro89@hotmail.com';
5192;'cuga90@gmail.com';
5193;'vagu30@gmail.com';
5194;'luwo23@yahoo.com';
5195;'bo71@uniandes.edu.co';
5196;'nu84@yahoo.com';
5197;'zona80@gmail.com';
5198;'pe20@gmail.com';
5199;'kede14@uniandes.edu.co';
5200;'ka80@uniandes.edu.co';
5201;'xete71@yahoo.com';
5202;'we22@hotmail.com';
5203;'li95@yahoo.com';
5204;'yi95@yahoo.com';
5205;'je28@hotmail.com';
5206;'ha93@yahoo.com';
5207;'baxe46@uniandes.edu.co';
5208;'civi77@hotmail.com';
5209;'jovo85@uniandes.edu.co';
5210;'fu36@gmail.com';
5211;'ho80@uniandes.edu.co';
5212;'ji38@gmail.com';
5213;'foyo66@uniandes.edu.co';
5214;'lu46@hotmail.com';
5215;'waya25@gmail.com';
5216;'ge96@hotmail.com';
5217;'gise57@hotmail.com';
5218;'po46@hotmail.com';
5219;'heza34@uniandes.edu.co';
5220;'heta21@yahoo.com';
5221;'wi75@gmail.com';
5222;'ya98@yahoo.com';
5223;'xo72@hotmail.com';
5224;'le66@hotmail.com';
5225;'xi23@uniandes.edu.co';
5226;'ma50@uniandes.edu.co';
5227;'xime89@uniandes.edu.co';
5228;'pafi12@hotmail.com';
5229;'cego50@uniandes.edu.co';
5230;'xi11@uniandes.edu.co';
5231;'yupo97@gmail.com';
5232;'xo68@uniandes.edu.co';
5233;'moko46@hotmail.com';
5234;'je99@gmail.com';
5235;'ci6@uniandes.edu.co';
5236;'peqe87@hotmail.com';
5237;'we24@hotmail.com';
5238;'nopo29@yahoo.com';
5239;'rulo52@yahoo.com';
5240;'ca60@hotmail.com';
5241;'ro91@yahoo.com';
5242;'juci49@uniandes.edu.co';
5243;'qu48@gmail.com';
5244;'juvo19@uniandes.edu.co';
5245;'qu10@hotmail.com';
5246;'ki12@uniandes.edu.co';
5247;'veji58@uniandes.edu.co';
5248;'te9@gmail.com';
5249;'te75@yahoo.com';
5250;'du31@uniandes.edu.co';
5251;'feja82@hotmail.com';
5252;'vahe56@uniandes.edu.co';
5253;'ka13@hotmail.com';
5254;'ju50@yahoo.com';
5255;'hafu66@hotmail.com';
5256;'caqo90@uniandes.edu.co';
5257;'we12@gmail.com';
5258;'ci36@yahoo.com';
5259;'codo24@uniandes.edu.co';
5260;'zahu36@yahoo.com';
5261;'yo14@gmail.com';
5262;'ha21@uniandes.edu.co';
5263;'nenu76@uniandes.edu.co';
5264;'li79@uniandes.edu.co';
5265;'bo36@uniandes.edu.co';
5266;'li34@yahoo.com';
5267;'tulo35@hotmail.com';
5268;'bi66@hotmail.com';
5269;'vu50@yahoo.com';
5270;'mi10@uniandes.edu.co';
5271;'tu12@hotmail.com';
5272;'ta92@hotmail.com';
5273;'wo21@uniandes.edu.co';
5274;'debu99@yahoo.com';
5275;'fi81@uniandes.edu.co';
5276;'dape66@uniandes.edu.co';
5277;'zi26@uniandes.edu.co';
5278;'pajo81@uniandes.edu.co';
5279;'ho58@hotmail.com';
5280;'hi73@hotmail.com';
5281;'pu58@gmail.com';
5282;'taxu89@yahoo.com';
5283;'fa91@uniandes.edu.co';
5284;'leki33@hotmail.com';
5285;'neri53@yahoo.com';
5286;'me94@uniandes.edu.co';
5287;'vo20@gmail.com';
5288;'dagu41@hotmail.com';
5289;'doki69@gmail.com';
5290;'te8@gmail.com';
5291;'pu39@hotmail.com';
5292;'zi7@hotmail.com';
5293;'luro5@uniandes.edu.co';
5294;'xi61@gmail.com';
5295;'pi88@uniandes.edu.co';
5296;'he95@yahoo.com';
5297;'haxa79@uniandes.edu.co';
5298;'hafi31@uniandes.edu.co';
5299;'pi91@yahoo.com';
5300;'li52@gmail.com';
5301;'gugu76@gmail.com';
5302;'xa28@uniandes.edu.co';
5303;'yamu20@hotmail.com';
5304;'si79@yahoo.com';
5305;'ha72@yahoo.com';
5306;'se3@gmail.com';
5307;'zemo56@uniandes.edu.co';
5308;'quma49@hotmail.com';
5309;'xahi88@yahoo.com';
5310;'doyu48@gmail.com';
5311;'foza56@gmail.com';
5312;'faye41@hotmail.com';
5313;'futo76@uniandes.edu.co';
5314;'va86@yahoo.com';
5315;'ge58@uniandes.edu.co';
5316;'sa23@yahoo.com';
5317;'qotu32@uniandes.edu.co';
5318;'so70@uniandes.edu.co';
5319;'gajo55@gmail.com';
5320;'ci70@uniandes.edu.co';
5321;'kegu76@hotmail.com';
5322;'hive90@gmail.com';
5323;'wu8@hotmail.com';
5324;'za96@gmail.com';
5325;'siti14@gmail.com';
5326;'ze74@uniandes.edu.co';
5327;'pe71@hotmail.com';
5328;'wipa86@gmail.com';
5329;'wufo17@gmail.com';
5330;'qiqu6@yahoo.com';
5331;'ye76@yahoo.com';
5332;'ciza91@hotmail.com';
5333;'pa32@uniandes.edu.co';
5334;'gu83@uniandes.edu.co';
5335;'sodu22@yahoo.com';
5336;'raqu73@gmail.com';
5337;'ga43@yahoo.com';
5338;'qaci96@uniandes.edu.co';
5339;'riqu68@yahoo.com';
5340;'nebe35@hotmail.com';
5341;'po51@uniandes.edu.co';
5342;'wo97@hotmail.com';
5343;'xuji68@uniandes.edu.co';
5344;'mixe5@hotmail.com';
5345;'mezu33@hotmail.com';
5346;'teje95@uniandes.edu.co';
5347;'huyi29@uniandes.edu.co';
5348;'ceki47@hotmail.com';
5349;'ro33@hotmail.com';
5350;'rahu24@yahoo.com';
5351;'sawu78@hotmail.com';
5352;'go21@yahoo.com';
5353;'wuxu61@hotmail.com';
5354;'rofi17@uniandes.edu.co';
5355;'na42@gmail.com';
5356;'ga25@yahoo.com';
5357;'zove5@uniandes.edu.co';
5358;'pecu53@gmail.com';
5359;'fa60@hotmail.com';
5360;'buga30@hotmail.com';
5361;'cage43@hotmail.com';
5362;'ya62@uniandes.edu.co';
5363;'ciwu17@yahoo.com';
5364;'zuxu47@uniandes.edu.co';
5365;'za94@yahoo.com';
5366;'muve32@hotmail.com';
5367;'riwo11@uniandes.edu.co';
5368;'bu15@hotmail.com';
5369;'giqa98@uniandes.edu.co';
5370;'poso32@yahoo.com';
5371;'kawa55@hotmail.com';
5372;'gu95@uniandes.edu.co';
5373;'fe74@yahoo.com';
5374;'co69@gmail.com';
5375;'doso31@yahoo.com';
5376;'rodo81@gmail.com';
5377;'ka87@gmail.com';
5378;'ga72@hotmail.com';
5379;'ne94@yahoo.com';
5380;'maso8@uniandes.edu.co';
5381;'ku66@yahoo.com';
5382;'wu23@gmail.com';
5383;'woyo61@hotmail.com';
5384;'poce39@yahoo.com';
5385;'xu10@hotmail.com';
5386;'miye48@hotmail.com';
5387;'fa61@yahoo.com';
5388;'ka97@yahoo.com';
5389;'nigi90@hotmail.com';
5390;'toye28@uniandes.edu.co';
5391;'sa62@uniandes.edu.co';
5392;'we87@yahoo.com';
5393;'ka1@uniandes.edu.co';
5394;'duxi87@uniandes.edu.co';
5395;'naya73@gmail.com';
5396;'je75@gmail.com';
5397;'zaza75@yahoo.com';
5398;'fu22@hotmail.com';
5399;'he45@uniandes.edu.co';
5400;'lilo84@gmail.com';
5401;'ti67@hotmail.com';
5402;'fina73@uniandes.edu.co';
5403;'xe45@yahoo.com';
5404;'ro91@uniandes.edu.co';
5405;'qi54@uniandes.edu.co';
5406;'fe54@hotmail.com';
5407;'ce63@hotmail.com';
5408;'re27@uniandes.edu.co';
5409;'ce70@hotmail.com';
5410;'ro64@gmail.com';
5411;'hi45@yahoo.com';
5412;'ca43@hotmail.com';
5413;'ca52@gmail.com';
5414;'tago18@gmail.com';
5415;'qo73@uniandes.edu.co';
5416;'ze73@uniandes.edu.co';
5417;'guzi43@hotmail.com';
5418;'pumo65@yahoo.com';
5419;'je98@hotmail.com';
5420;'fu74@yahoo.com';
5421;'zafa83@yahoo.com';
5422;'kake24@gmail.com';
5423;'peci20@gmail.com';
5424;'xe63@uniandes.edu.co';
5425;'ri86@yahoo.com';
5426;'wini21@uniandes.edu.co';
5427;'tene56@uniandes.edu.co';
5428;'teqo87@yahoo.com';
5429;'mabi70@gmail.com';
5430;'guco24@gmail.com';
5431;'no77@hotmail.com';
5432;'lu2@yahoo.com';
5433;'qoze93@uniandes.edu.co';
5434;'zemu71@yahoo.com';
5435;'yesi53@uniandes.edu.co';
5436;'waje27@gmail.com';
5437;'vudi33@gmail.com';
5438;'xonu22@hotmail.com';
5439;'hico34@uniandes.edu.co';
5440;'voni32@hotmail.com';
5441;'leho4@gmail.com';
5442;'cu4@gmail.com';
5443;'to83@gmail.com';
5444;'ce35@uniandes.edu.co';
5445;'tutu3@yahoo.com';
5446;'vo86@uniandes.edu.co';
5447;'xi85@uniandes.edu.co';
5448;'huqo41@hotmail.com';
5449;'me48@uniandes.edu.co';
5450;'bi88@hotmail.com';
5451;'cu12@uniandes.edu.co';
5452;'noji23@yahoo.com';
5453;'ba4@hotmail.com';
5454;'gaqo40@yahoo.com';
5455;'pi3@yahoo.com';
5456;'zavu78@uniandes.edu.co';
5457;'mane21@uniandes.edu.co';
5458;'so61@uniandes.edu.co';
5459;'vari94@gmail.com';
5460;'mo94@yahoo.com';
5461;'vo82@hotmail.com';
5462;'yo26@hotmail.com';
5463;'zele58@yahoo.com';
5464;'guge66@uniandes.edu.co';
5465;'vo98@uniandes.edu.co';
5466;'yari5@uniandes.edu.co';
5467;'jado63@yahoo.com';
5468;'tupa86@uniandes.edu.co';
5469;'wobi74@uniandes.edu.co';
5470;'xodi26@hotmail.com';
5471;'nuva58@uniandes.edu.co';
5472;'pi83@gmail.com';
5473;'wi29@yahoo.com';
5474;'xafe94@yahoo.com';
5475;'wi26@uniandes.edu.co';
5476;'wi82@uniandes.edu.co';
5477;'vadi24@hotmail.com';
5478;'yibo36@gmail.com';
5479;'zona94@gmail.com';
5480;'qoqo65@yahoo.com';
5481;'fi59@gmail.com';
5482;'ha55@yahoo.com';
5483;'ri39@gmail.com';
5484;'cexe62@gmail.com';
5485;'vu60@hotmail.com';
5486;'ja96@yahoo.com';
5487;'pe17@hotmail.com';
5488;'siva19@uniandes.edu.co';
5489;'tu64@hotmail.com';
5490;'ha91@yahoo.com';
5491;'hi33@yahoo.com';
5492;'wuwu42@gmail.com';
5493;'lisa1@yahoo.com';
5494;'vazi42@gmail.com';
5495;'ra72@hotmail.com';
5496;'qi16@uniandes.edu.co';
5497;'qaya49@gmail.com';
5498;'lo44@gmail.com';
5499;'du68@hotmail.com';
5500;'ka73@gmail.com';
5501;'kela56@gmail.com';
5502;'nu98@gmail.com';
5503;'bi19@hotmail.com';
5504;'da91@gmail.com';
5505;'nika93@uniandes.edu.co';
5506;'su65@hotmail.com';
5507;'xe89@hotmail.com';
5508;'qa87@uniandes.edu.co';
5509;'ko37@yahoo.com';
5510;'ka61@gmail.com';
5511;'guwi92@hotmail.com';
5512;'vufa70@gmail.com';
5513;'roxi17@uniandes.edu.co';
5514;'ma79@yahoo.com';
5515;'xufe64@yahoo.com';
5516;'yiwu24@gmail.com';
5517;'ziju82@uniandes.edu.co';
5518;'xelu42@gmail.com';
5519;'yo43@uniandes.edu.co';
5520;'fi26@hotmail.com';
5521;'ca65@gmail.com';
5522;'lu65@yahoo.com';
5523;'wa94@gmail.com';
5524;'gi65@gmail.com';
5525;'mu4@gmail.com';
5526;'vi12@yahoo.com';
5527;'tazo83@gmail.com';
5528;'zihu59@uniandes.edu.co';
5529;'we99@hotmail.com';
5530;'sugo50@yahoo.com';
5531;'me66@gmail.com';
5532;'be93@gmail.com';
5533;'gico12@gmail.com';
5534;'xupo89@gmail.com';
5535;'mo89@yahoo.com';
5536;'yile92@uniandes.edu.co';
5537;'citu86@yahoo.com';
5538;'gi8@uniandes.edu.co';
5539;'ci35@uniandes.edu.co';
5540;'mu65@yahoo.com';
5541;'tiwe99@uniandes.edu.co';
5542;'duza63@yahoo.com';
5543;'zu92@gmail.com';
5544;'su35@uniandes.edu.co';
5545;'ji67@yahoo.com';
5546;'gidi68@yahoo.com';
5547;'nala45@hotmail.com';
5548;'heya11@gmail.com';
5549;'biwo73@uniandes.edu.co';
5550;'kefi14@uniandes.edu.co';
5551;'poke48@uniandes.edu.co';
5552;'qixu20@gmail.com';
5553;'hu90@uniandes.edu.co';
5554;'ru53@uniandes.edu.co';
5555;'vixe95@yahoo.com';
5556;'gase79@uniandes.edu.co';
5557;'bolu46@hotmail.com';
5558;'daha21@hotmail.com';
5559;'jafo26@hotmail.com';
5560;'le37@uniandes.edu.co';
5561;'hiji92@gmail.com';
5562;'va20@gmail.com';
5563;'texa67@uniandes.edu.co';
5564;'wu79@uniandes.edu.co';
5565;'pifo86@hotmail.com';
5566;'ya69@hotmail.com';
5567;'ya61@yahoo.com';
5568;'de36@hotmail.com';
5569;'ko34@hotmail.com';
5570;'le53@gmail.com';
5571;'xa10@gmail.com';
5572;'tu29@yahoo.com';
5573;'yehi19@gmail.com';
5574;'ci43@yahoo.com';
5575;'do28@yahoo.com';
5576;'ba39@gmail.com';
5577;'yasi58@gmail.com';
5578;'fiva89@gmail.com';
5579;'ho26@yahoo.com';
5580;'todi18@yahoo.com';
5581;'nite69@uniandes.edu.co';
5582;'ji26@uniandes.edu.co';
5583;'li3@uniandes.edu.co';
5584;'fi88@hotmail.com';
5585;'la69@gmail.com';
5586;'xe83@yahoo.com';
5587;'texa12@gmail.com';
5588;'lima82@yahoo.com';
5589;'pe58@gmail.com';
5590;'qodu99@gmail.com';
5591;'rile96@gmail.com';
5592;'rofe70@yahoo.com';
5593;'va43@hotmail.com';
5594;'pipo2@hotmail.com';
5595;'za85@yahoo.com';
5596;'lifa95@hotmail.com';
5597;'nebo16@uniandes.edu.co';
5598;'yise79@gmail.com';
5599;'xe15@yahoo.com';
5600;'vini67@yahoo.com';
5601;'jawu40@gmail.com';
5602;'qemi5@gmail.com';
5603;'qimo48@yahoo.com';
5604;'wo94@yahoo.com';
5605;'yifa90@yahoo.com';
5606;'hubo38@gmail.com';
5607;'vo84@hotmail.com';
5608;'yija94@gmail.com';
5609;'tiqa33@gmail.com';
5610;'mofo15@uniandes.edu.co';
5611;'fahi99@yahoo.com';
5612;'to49@gmail.com';
5613;'hupa69@hotmail.com';
5614;'fo94@hotmail.com';
5615;'hepa8@hotmail.com';
5616;'sa37@yahoo.com';
5617;'gobi9@uniandes.edu.co';
5618;'zi40@yahoo.com';
5619;'mufe24@hotmail.com';
5620;'we83@gmail.com';
5621;'nesu36@yahoo.com';
5622;'nu8@gmail.com';
5623;'po90@uniandes.edu.co';
5624;'cuhu41@hotmail.com';
5625;'yati1@uniandes.edu.co';
5626;'wa90@yahoo.com';
5627;'pu96@yahoo.com';
5628;'pe97@gmail.com';
5629;'no96@uniandes.edu.co';
5630;'voya93@hotmail.com';
5631;'nubo45@uniandes.edu.co';
5632;'nofu42@hotmail.com';
5633;'hima50@yahoo.com';
5634;'qetu20@hotmail.com';
5635;'ha5@hotmail.com';
5636;'kide90@hotmail.com';
5637;'geki56@yahoo.com';
5638;'ge12@hotmail.com';
5639;'palu54@gmail.com';
5640;'mexa41@hotmail.com';
5641;'fa85@hotmail.com';
5642;'qoxo88@gmail.com';
5643;'lexo32@hotmail.com';
5644;'numo57@uniandes.edu.co';
5645;'qica32@gmail.com';
5646;'qa87@gmail.com';
5647;'fefe82@hotmail.com';
5648;'zoji67@yahoo.com';
5649;'hero30@yahoo.com';
5650;'me45@gmail.com';
5651;'za73@gmail.com';
5652;'ci65@gmail.com';
5653;'ce84@gmail.com';
5654;'yedu53@yahoo.com';
5655;'zafa86@yahoo.com';
5656;'fide26@uniandes.edu.co';
5657;'jalu6@uniandes.edu.co';
5658;'rume83@hotmail.com';
5659;'ye48@yahoo.com';
5660;'fa97@gmail.com';
5661;'jeyo60@hotmail.com';
5662;'ta25@yahoo.com';
5663;'ca62@yahoo.com';
5664;'yofe39@hotmail.com';
5665;'ge88@uniandes.edu.co';
5666;'lapo72@yahoo.com';
5667;'xoba38@hotmail.com';
5668;'pu6@gmail.com';
5669;'neru16@uniandes.edu.co';
5670;'hu79@gmail.com';
5671;'keve62@hotmail.com';
5672;'lo48@hotmail.com';
5673;'puqu26@hotmail.com';
5674;'rofa84@gmail.com';
5675;'re72@yahoo.com';
5676;'dabu33@yahoo.com';
5677;'ho25@hotmail.com';
5678;'wito43@uniandes.edu.co';
5679;'ka81@uniandes.edu.co';
5680;'ti59@yahoo.com';
5681;'sasa38@hotmail.com';
5682;'qo3@hotmail.com';
5683;'yi36@gmail.com';
5684;'xuto80@gmail.com';
5685;'yebe53@yahoo.com';
5686;'za17@hotmail.com';
5687;'ye56@hotmail.com';
5688;'muva10@yahoo.com';
5689;'voha48@yahoo.com';
5690;'mo77@hotmail.com';
5691;'xelu6@hotmail.com';
5692;'tu33@hotmail.com';
5693;'daza42@hotmail.com';
5694;'ma58@yahoo.com';
5695;'tu27@gmail.com';
5696;'ruko65@uniandes.edu.co';
5697;'so61@gmail.com';
5698;'yu26@uniandes.edu.co';
5699;'hi82@uniandes.edu.co';
5700;'ni46@uniandes.edu.co';
5701;'bo19@uniandes.edu.co';
5702;'la30@yahoo.com';
5703;'nipo45@yahoo.com';
5704;'vaba53@hotmail.com';
5705;'qa52@yahoo.com';
5706;'pula38@uniandes.edu.co';
5707;'gaka83@hotmail.com';
5708;'vopu77@yahoo.com';
5709;'cihi15@yahoo.com';
5710;'ti36@gmail.com';
5711;'nepo79@uniandes.edu.co';
5712;'beta23@gmail.com';
5713;'ce49@hotmail.com';
5714;'xowa98@uniandes.edu.co';
5715;'gagi14@gmail.com';
5716;'nono42@yahoo.com';
5717;'xohi50@gmail.com';
5718;'yove4@yahoo.com';
5719;'yu95@yahoo.com';
5720;'ka98@uniandes.edu.co';
5721;'xove95@gmail.com';
5722;'ho29@hotmail.com';
5723;'cuqo13@gmail.com';
5724;'sada48@gmail.com';
5725;'pe54@yahoo.com';
5726;'li20@uniandes.edu.co';
5727;'jiqa38@uniandes.edu.co';
5728;'zoti31@hotmail.com';
5729;'nutu77@uniandes.edu.co';
5730;'faje76@hotmail.com';
5731;'jo4@uniandes.edu.co';
5732;'ve16@gmail.com';
5733;'go67@gmail.com';
5734;'zowo65@yahoo.com';
5735;'ri32@yahoo.com';
5736;'na75@uniandes.edu.co';
5737;'xi33@gmail.com';
5738;'giwi6@hotmail.com';
5739;'wu31@uniandes.edu.co';
5740;'yi73@gmail.com';
5741;'nawu79@gmail.com';
5742;'koju34@yahoo.com';
5743;'tu78@yahoo.com';
5744;'rido60@uniandes.edu.co';
5745;'xeni74@yahoo.com';
5746;'na68@hotmail.com';
5747;'ba73@hotmail.com';
5748;'xuge46@uniandes.edu.co';
5749;'fu68@gmail.com';
5750;'waru51@gmail.com';
5751;'qega78@hotmail.com';
5752;'zi61@hotmail.com';
5753;'co24@hotmail.com';
5754;'ke60@hotmail.com';
5755;'xeku2@hotmail.com';
5756;'yini60@gmail.com';
5757;'lu34@uniandes.edu.co';
5758;'pemu33@uniandes.edu.co';
5759;'huge21@yahoo.com';
5760;'yo12@gmail.com';
5761;'cofu89@gmail.com';
5762;'vi97@hotmail.com';
5763;'kego24@gmail.com';
5764;'rihe81@gmail.com';
5765;'cuqi68@uniandes.edu.co';
5766;'ti68@uniandes.edu.co';
5767;'do7@gmail.com';
5768;'zi55@yahoo.com';
5769;'ceqe37@hotmail.com';
5770;'geqe72@gmail.com';
5771;'xoji30@uniandes.edu.co';
5772;'gi68@gmail.com';
5773;'sako50@yahoo.com';
5774;'powa70@hotmail.com';
5775;'doki82@uniandes.edu.co';
5776;'raqo15@gmail.com';
5777;'duro86@hotmail.com';
5778;'fi93@gmail.com';
5779;'maba3@uniandes.edu.co';
5780;'noqo7@hotmail.com';
5781;'ho53@hotmail.com';
5782;'vofi68@hotmail.com';
5783;'he78@uniandes.edu.co';
5784;'bi86@uniandes.edu.co';
5785;'mo68@gmail.com';
5786;'ciwu80@yahoo.com';
5787;'zebo81@gmail.com';
5788;'mixa79@yahoo.com';
5789;'yifi9@hotmail.com';
5790;'zeza69@uniandes.edu.co';
5791;'no52@hotmail.com';
5792;'ze88@uniandes.edu.co';
5793;'sa34@gmail.com';
5794;'me54@hotmail.com';
5795;'ze84@gmail.com';
5796;'jano82@uniandes.edu.co';
5797;'diti74@hotmail.com';
5798;'pi78@hotmail.com';
5799;'tixe76@hotmail.com';
5800;'fa16@yahoo.com';
5801;'do52@uniandes.edu.co';
5802;'guku97@yahoo.com';
5803;'xe7@uniandes.edu.co';
5804;'viri58@uniandes.edu.co';
5805;'ra29@gmail.com';
5806;'xo88@uniandes.edu.co';
5807;'vi22@yahoo.com';
5808;'xehu27@uniandes.edu.co';
5809;'bufi13@hotmail.com';
5810;'za26@gmail.com';
5811;'po17@gmail.com';
5812;'zocu5@yahoo.com';
5813;'hi47@yahoo.com';
5814;'lo11@hotmail.com';
5815;'gi7@hotmail.com';
5816;'ci64@gmail.com';
5817;'raqa68@uniandes.edu.co';
5818;'lo86@hotmail.com';
5819;'zu59@yahoo.com';
5820;'tadu12@hotmail.com';
5821;'lo74@gmail.com';
5822;'gayu10@uniandes.edu.co';
5823;'cu59@yahoo.com';
5824;'sajo51@yahoo.com';
5825;'bo85@yahoo.com';
5826;'je73@gmail.com';
5827;'kipu79@gmail.com';
5828;'lu19@hotmail.com';
5829;'lifo96@uniandes.edu.co';
5830;'xe16@gmail.com';
5831;'pu26@uniandes.edu.co';
5832;'ti83@uniandes.edu.co';
5833;'wu16@hotmail.com';
5834;'fuki4@gmail.com';
5835;'cuwa67@uniandes.edu.co';
5836;'fa7@uniandes.edu.co';
5837;'xaco80@gmail.com';
5838;'guda90@hotmail.com';
5839;'hote91@hotmail.com';
5840;'ke43@gmail.com';
5841;'lohe10@uniandes.edu.co';
5842;'co64@hotmail.com';
5843;'cano28@gmail.com';
5844;'qi7@yahoo.com';
5845;'hube83@gmail.com';
5846;'sono28@hotmail.com';
5847;'naji69@yahoo.com';
5848;'ki48@yahoo.com';
5849;'ze41@hotmail.com';
5850;'hihe9@hotmail.com';
5851;'cexu83@uniandes.edu.co';
5852;'goho36@yahoo.com';
5853;'fa1@gmail.com';
5854;'ci77@gmail.com';
5855;'te44@hotmail.com';
5856;'caxo57@gmail.com';
5857;'zane1@gmail.com';
5858;'yuro98@yahoo.com';
5859;'hili27@yahoo.com';
5860;'qija57@yahoo.com';
5861;'xiwo27@gmail.com';
5862;'yexe48@uniandes.edu.co';
5863;'goxu70@uniandes.edu.co';
5864;'ke95@yahoo.com';
5865;'wibu3@gmail.com';
5866;'pe96@yahoo.com';
5867;'ve31@hotmail.com';
5868;'je59@yahoo.com';
5869;'ri36@hotmail.com';
5870;'fadu59@uniandes.edu.co';
5871;'ke10@gmail.com';
5872;'doci31@yahoo.com';
5873;'fayu72@gmail.com';
5874;'ju85@yahoo.com';
5875;'teke27@uniandes.edu.co';
5876;'vu72@gmail.com';
5877;'dori23@yahoo.com';
5878;'nuga2@yahoo.com';
5879;'bo17@uniandes.edu.co';
5880;'ye18@uniandes.edu.co';
5881;'yuki83@hotmail.com';
5882;'voli90@hotmail.com';
5883;'mive2@gmail.com';
5884;'xoto78@yahoo.com';
5885;'dino50@uniandes.edu.co';
5886;'juxo6@uniandes.edu.co';
5887;'vubu62@yahoo.com';
5888;'sa24@hotmail.com';
5889;'du28@uniandes.edu.co';
5890;'ja51@gmail.com';
5891;'la46@yahoo.com';
5892;'goju81@yahoo.com';
5893;'kijo41@gmail.com';
5894;'visi6@uniandes.edu.co';
5895;'kefo23@uniandes.edu.co';
5896;'vanu45@hotmail.com';
5897;'numo62@hotmail.com';
5898;'hobe65@gmail.com';
5899;'cuna62@yahoo.com';
5900;'tufe95@hotmail.com';
5901;'woqi87@gmail.com';
5902;'mu20@gmail.com';
5903;'ja79@hotmail.com';
5904;'go91@hotmail.com';
5905;'zeti69@hotmail.com';
5906;'su55@yahoo.com';
5907;'dipe93@yahoo.com';
5908;'xuwo75@yahoo.com';
5909;'hoqi45@yahoo.com';
5910;'kera19@yahoo.com';
5911;'vula24@uniandes.edu.co';
5912;'ruyu32@gmail.com';
5913;'le49@hotmail.com';
5914;'yahu7@hotmail.com';
5915;'moru28@uniandes.edu.co';
5916;'mo90@uniandes.edu.co';
5917;'ge14@yahoo.com';
5918;'rasi43@yahoo.com';
5919;'suxi64@yahoo.com';
5920;'lu44@hotmail.com';
5921;'fati69@uniandes.edu.co';
5922;'xi94@gmail.com';
5923;'li43@hotmail.com';
5924;'dowa84@hotmail.com';
5925;'yiti28@uniandes.edu.co';
5926;'hi4@hotmail.com';
5927;'xa41@hotmail.com';
5928;'cafa52@yahoo.com';
5929;'depa80@hotmail.com';
5930;'zu40@yahoo.com';
5931;'huqu11@uniandes.edu.co';
5932;'yazi45@hotmail.com';
5933;'lixu79@gmail.com';
5934;'ja23@uniandes.edu.co';
5935;'fo28@gmail.com';
5936;'so60@hotmail.com';
5937;'dico90@yahoo.com';
5938;'go41@hotmail.com';
5939;'dala17@hotmail.com';
5940;'risa68@uniandes.edu.co';
5941;'sebe40@hotmail.com';
5942;'dene12@uniandes.edu.co';
5943;'ha47@uniandes.edu.co';
5944;'ju27@gmail.com';
5945;'hi75@yahoo.com';
5946;'toje31@yahoo.com';
5947;'vihi70@yahoo.com';
5948;'lija26@yahoo.com';
5949;'hato94@hotmail.com';
5950;'gu3@yahoo.com';
5951;'so73@yahoo.com';
5952;'vu45@yahoo.com';
5953;'pu82@hotmail.com';
5954;'wi15@gmail.com';
5955;'jara70@gmail.com';
5956;'wo84@gmail.com';
5957;'so68@gmail.com';
5958;'jo99@uniandes.edu.co';
5959;'wa99@gmail.com';
5960;'go26@uniandes.edu.co';
5961;'beci36@yahoo.com';
5962;'xu53@uniandes.edu.co';
5963;'jeli48@uniandes.edu.co';
5964;'ho73@yahoo.com';
5965;'so25@gmail.com';
5966;'daxo98@yahoo.com';
5967;'qosa39@yahoo.com';
5968;'wuso91@yahoo.com';
5969;'di38@gmail.com';
5970;'javi33@yahoo.com';
5971;'te61@uniandes.edu.co';
5972;'ta19@yahoo.com';
5973;'va16@yahoo.com';
5974;'ni91@yahoo.com';
5975;'zole24@uniandes.edu.co';
5976;'vo18@uniandes.edu.co';
5977;'ce95@yahoo.com';
5978;'ju95@gmail.com';
5979;'me1@gmail.com';
5980;'yu52@gmail.com';
5981;'supa36@gmail.com';
5982;'newa79@yahoo.com';
5983;'ve85@gmail.com';
5984;'guke68@uniandes.edu.co';
5985;'muhu29@uniandes.edu.co';
5986;'bota9@gmail.com';
5987;'bevu92@yahoo.com';
5988;'ju22@yahoo.com';
5989;'zazo92@hotmail.com';
5990;'xi45@uniandes.edu.co';
5991;'no69@yahoo.com';
5992;'hu78@uniandes.edu.co';
5993;'wova79@uniandes.edu.co';
5994;'no73@yahoo.com';
5995;'se14@gmail.com';
5996;'zu18@uniandes.edu.co';
5997;'tafo64@yahoo.com';
5998;'yaxa82@uniandes.edu.co';
5999;'rome35@gmail.com';
6000;'ho82@hotmail.com';
6001;'zate61@gmail.com';
6002;'ha66@hotmail.com';
6003;'ru58@uniandes.edu.co';
6004;'yi16@gmail.com';
6005;'tegi76@gmail.com';
6006;'padu16@gmail.com';
6007;'paqu84@yahoo.com';
6008;'qeja82@hotmail.com';
6009;'ra93@yahoo.com';
6010;'laje79@hotmail.com';
6011;'qosu60@hotmail.com';
6012;'co74@hotmail.com';
6013;'be64@uniandes.edu.co';
6014;'heba12@uniandes.edu.co';
6015;'se4@uniandes.edu.co';
6016;'sela33@gmail.com';
6017;'moka64@gmail.com';
6018;'da84@hotmail.com';
6019;'je74@gmail.com';
6020;'xaru53@uniandes.edu.co';
6021;'de25@gmail.com';
6022;'nolo88@uniandes.edu.co';
6023;'ve86@uniandes.edu.co';
6024;'mazu68@uniandes.edu.co';
6025;'dexa6@yahoo.com';
6026;'gu85@yahoo.com';
6027;'no20@uniandes.edu.co';
6028;'raya79@uniandes.edu.co';
6029;'rasa29@gmail.com';
6030;'wimu47@gmail.com';
6031;'fi29@yahoo.com';
6032;'ta54@gmail.com';
6033;'pija84@gmail.com';
6034;'bizu40@gmail.com';
6035;'paku2@uniandes.edu.co';
6036;'sugi57@hotmail.com';
6037;'wo2@yahoo.com';
6038;'la99@yahoo.com';
6039;'cu49@hotmail.com';
6040;'laku15@uniandes.edu.co';
6041;'po19@yahoo.com';
6042;'nasa13@yahoo.com';
6043;'kuvu35@uniandes.edu.co';
6044;'goci25@yahoo.com';
6045;'wami11@gmail.com';
6046;'xufi99@yahoo.com';
6047;'taku57@hotmail.com';
6048;'lo45@uniandes.edu.co';
6049;'na39@gmail.com';
6050;'beco57@hotmail.com';
6051;'wa83@hotmail.com';
6052;'jufo80@yahoo.com';
6053;'so23@hotmail.com';
6054;'pugo31@gmail.com';
6055;'puqe66@yahoo.com';
6056;'ne87@uniandes.edu.co';
6057;'huse7@gmail.com';
6058;'cowe31@yahoo.com';
6059;'zo4@gmail.com';
6060;'vi73@gmail.com';
6061;'ya68@gmail.com';
6062;'zaye10@uniandes.edu.co';
6063;'da83@uniandes.edu.co';
6064;'yape67@uniandes.edu.co';
6065;'goki32@hotmail.com';
6066;'ja76@hotmail.com';
6067;'ba82@uniandes.edu.co';
6068;'lu99@yahoo.com';
6069;'ja47@uniandes.edu.co';
6070;'zage94@uniandes.edu.co';
6071;'za26@hotmail.com';
6072;'fi64@hotmail.com';
6073;'qu82@uniandes.edu.co';
6074;'vu26@yahoo.com';
6075;'ku84@hotmail.com';
6076;'daje5@hotmail.com';
6077;'hexu30@gmail.com';
6078;'vesa33@gmail.com';
6079;'mula4@uniandes.edu.co';
6080;'xoko97@hotmail.com';
6081;'zewu9@yahoo.com';
6082;'ta11@gmail.com';
6083;'ja31@gmail.com';
6084;'zu15@hotmail.com';
6085;'pu67@hotmail.com';
6086;'yopa43@uniandes.edu.co';
6087;'bilo89@yahoo.com';
6088;'wima11@uniandes.edu.co';
6089;'go94@gmail.com';
6090;'vosi6@uniandes.edu.co';
6091;'hibe85@yahoo.com';
6092;'xawe1@yahoo.com';
6093;'xuvi37@uniandes.edu.co';
6094;'wo5@gmail.com';
6095;'la18@uniandes.edu.co';
6096;'yuxo97@hotmail.com';
6097;'qu18@yahoo.com';
6098;'kiki73@hotmail.com';
6099;'go94@yahoo.com';
6100;'wovi35@gmail.com';
6101;'pu58@yahoo.com';
6102;'manu65@yahoo.com';
6103;'mo54@hotmail.com';
6104;'ribo62@uniandes.edu.co';
6105;'te80@yahoo.com';
6106;'za40@gmail.com';
6107;'ka45@hotmail.com';
6108;'xopo1@hotmail.com';
6109;'va57@yahoo.com';
6110;'nu54@hotmail.com';
6111;'situ46@gmail.com';
6112;'ru40@gmail.com';
6113;'jose47@yahoo.com';
6114;'laxo65@yahoo.com';
6115;'du13@hotmail.com';
6116;'pu38@hotmail.com';
6117;'koli22@uniandes.edu.co';
6118;'jeqi25@uniandes.edu.co';
6119;'zi99@hotmail.com';
6120;'bico14@hotmail.com';
6121;'zete13@yahoo.com';
6122;'xuve32@gmail.com';
6123;'pi43@yahoo.com';
6124;'mo28@yahoo.com';
6125;'do22@gmail.com';
6126;'jeha44@uniandes.edu.co';
6127;'fa27@uniandes.edu.co';
6128;'ko58@gmail.com';
6129;'wuga65@uniandes.edu.co';
6130;'coco52@gmail.com';
6131;'vene74@hotmail.com';
6132;'ve19@uniandes.edu.co';
6133;'naju26@uniandes.edu.co';
6134;'mese15@gmail.com';
6135;'geku59@yahoo.com';
6136;'bugo95@yahoo.com';
6137;'mo35@uniandes.edu.co';
6138;'ho56@yahoo.com';
6139;'ca99@yahoo.com';
6140;'do36@gmail.com';
6141;'ve67@uniandes.edu.co';
6142;'fewe14@yahoo.com';
6143;'fi79@yahoo.com';
6144;'to20@hotmail.com';
6145;'te93@gmail.com';
6146;'se60@yahoo.com';
6147;'qe97@hotmail.com';
6148;'zogu49@uniandes.edu.co';
6149;'ki7@uniandes.edu.co';
6150;'qoqe97@hotmail.com';
6151;'ti18@hotmail.com';
6152;'geva84@yahoo.com';
6153;'vija41@gmail.com';
6154;'sipe5@yahoo.com';
6155;'nu5@hotmail.com';
6156;'boke49@gmail.com';
6157;'to11@uniandes.edu.co';
6158;'dife3@hotmail.com';
6159;'yota88@gmail.com';
6160;'ru51@hotmail.com';
6161;'were97@gmail.com';
6162;'gixi17@hotmail.com';
6163;'muku30@uniandes.edu.co';
6164;'gi15@uniandes.edu.co';
6165;'bulo57@uniandes.edu.co';
6166;'ni19@hotmail.com';
6167;'gi36@uniandes.edu.co';
6168;'qobu9@uniandes.edu.co';
6169;'pu68@gmail.com';
6170;'vuce32@yahoo.com';
6171;'yi58@yahoo.com';
6172;'va46@gmail.com';
6173;'wi36@uniandes.edu.co';
6174;'lo4@uniandes.edu.co';
6175;'se87@uniandes.edu.co';
6176;'pebo19@yahoo.com';
6177;'suli46@yahoo.com';
6178;'yibi83@uniandes.edu.co';
6179;'xu3@gmail.com';
6180;'zuro26@hotmail.com';
6181;'cu70@yahoo.com';
6182;'qote45@hotmail.com';
6183;'ra48@hotmail.com';
6184;'vawa91@hotmail.com';
6185;'cafi17@hotmail.com';
6186;'dewa84@gmail.com';
6187;'ceha51@gmail.com';
6188;'lo5@yahoo.com';
6189;'yo99@hotmail.com';
6190;'gequ78@uniandes.edu.co';
6191;'jare36@gmail.com';
6192;'galo63@hotmail.com';
6193;'fege49@yahoo.com';
6194;'do68@gmail.com';
6195;'ra44@gmail.com';
6196;'se69@uniandes.edu.co';
6197;'ve64@hotmail.com';
6198;'lo82@hotmail.com';
6199;'rize42@hotmail.com';
6200;'hava8@uniandes.edu.co';
6201;'capo74@uniandes.edu.co';
6202;'qivu92@gmail.com';
6203;'zuke42@hotmail.com';
6204;'dasu45@uniandes.edu.co';
6205;'gugi67@gmail.com';
6206;'so29@uniandes.edu.co';
6207;'tehi19@gmail.com';
6208;'ja90@yahoo.com';
6209;'si15@uniandes.edu.co';
6210;'mabo2@hotmail.com';
6211;'pa19@gmail.com';
6212;'biqi86@uniandes.edu.co';
6213;'hi35@uniandes.edu.co';
6214;'ga48@gmail.com';
6215;'hiqi61@yahoo.com';
6216;'keti12@hotmail.com';
6217;'joja82@gmail.com';
6218;'pe67@hotmail.com';
6219;'lo40@gmail.com';
6220;'hana11@uniandes.edu.co';
6221;'ju55@yahoo.com';
6222;'yive45@uniandes.edu.co';
6223;'xexo27@hotmail.com';
6224;'qege71@uniandes.edu.co';
6225;'mira94@uniandes.edu.co';
6226;'yi23@gmail.com';
6227;'nu36@gmail.com';
6228;'hoyi84@uniandes.edu.co';
6229;'lu8@gmail.com';
6230;'sune42@uniandes.edu.co';
6231;'pave45@gmail.com';
6232;'no51@hotmail.com';
6233;'be85@yahoo.com';
6234;'vi78@yahoo.com';
6235;'yu94@uniandes.edu.co';
6236;'wo36@yahoo.com';
6237;'ga31@uniandes.edu.co';
6238;'zu60@hotmail.com';
6239;'muza42@uniandes.edu.co';
6240;'yo80@yahoo.com';
6241;'vuta82@gmail.com';
6242;'xi30@hotmail.com';
6243;'giha19@gmail.com';
6244;'bo35@yahoo.com';
6245;'tefo85@uniandes.edu.co';
6246;'li27@uniandes.edu.co';
6247;'fuhi1@uniandes.edu.co';
6248;'vupa98@uniandes.edu.co';
6249;'luqa44@hotmail.com';
6250;'nihu87@hotmail.com';
6251;'co73@hotmail.com';
6252;'mo17@gmail.com';
6253;'je52@gmail.com';
6254;'ciso34@hotmail.com';
6255;'wefu25@hotmail.com';
6256;'peja95@gmail.com';
6257;'boyi40@hotmail.com';
6258;'se72@yahoo.com';
6259;'po19@gmail.com';
6260;'me23@uniandes.edu.co';
6261;'po66@uniandes.edu.co';
6262;'yihu6@hotmail.com';
6263;'wa16@yahoo.com';
6264;'bo1@gmail.com';
6265;'hile38@hotmail.com';
6266;'wayi9@hotmail.com';
6267;'xo44@hotmail.com';
6268;'mi61@gmail.com';
6269;'zi16@hotmail.com';
6270;'zela47@gmail.com';
6271;'zohu39@gmail.com';
6272;'gi80@hotmail.com';
6273;'yoca60@uniandes.edu.co';
6274;'quyo52@uniandes.edu.co';
6275;'da30@yahoo.com';
6276;'zo70@hotmail.com';
6277;'du75@hotmail.com';
6278;'yoji59@uniandes.edu.co';
6279;'ha18@yahoo.com';
6280;'fe98@yahoo.com';
6281;'le48@yahoo.com';
6282;'xeju37@hotmail.com';
6283;'xito90@yahoo.com';
6284;'guxu50@gmail.com';
6285;'zibu65@hotmail.com';
6286;'zage94@yahoo.com';
6287;'dima2@hotmail.com';
6288;'wa18@gmail.com';
6289;'cuzu4@yahoo.com';
6290;'da11@hotmail.com';
6291;'cu59@gmail.com';
6292;'wa11@gmail.com';
6293;'nace51@yahoo.com';
6294;'hope92@gmail.com';
6295;'some66@hotmail.com';
6296;'puxa47@hotmail.com';
6297;'rexi38@gmail.com';
6298;'qi40@yahoo.com';
6299;'me1@uniandes.edu.co';
6300;'ju41@hotmail.com';
6301;'jiyu9@hotmail.com';
6302;'ri96@yahoo.com';
6303;'ca50@yahoo.com';
6304;'wo11@uniandes.edu.co';
6305;'faka13@yahoo.com';
6306;'fo5@gmail.com';
6307;'za19@hotmail.com';
6308;'ji59@hotmail.com';
6309;'kipu68@gmail.com';
6310;'qu52@gmail.com';
6311;'gi71@gmail.com';
6312;'qa87@yahoo.com';
6313;'wa23@uniandes.edu.co';
6314;'zexe4@hotmail.com';
6315;'xi40@yahoo.com';
6316;'ci95@uniandes.edu.co';
6317;'ze46@hotmail.com';
6318;'pe47@uniandes.edu.co';
6319;'daku19@hotmail.com';
6320;'taxo24@hotmail.com';
6321;'sori61@uniandes.edu.co';
6322;'tu42@yahoo.com';
6323;'ci69@uniandes.edu.co';
6324;'qotu97@uniandes.edu.co';
6325;'gu12@uniandes.edu.co';
6326;'za28@gmail.com';
6327;'cuya40@uniandes.edu.co';
6328;'re41@yahoo.com';
6329;'zaxu53@uniandes.edu.co';
6330;'vagu9@gmail.com';
6331;'jexi68@uniandes.edu.co';
6332;'juci85@hotmail.com';
6333;'kimu18@yahoo.com';
6334;'gi79@gmail.com';
6335;'ye15@uniandes.edu.co';
6336;'ko42@gmail.com';
6337;'wu45@uniandes.edu.co';
6338;'wi22@hotmail.com';
6339;'fi76@gmail.com';
6340;'qi78@uniandes.edu.co';
6341;'ci42@hotmail.com';
6342;'xoge17@hotmail.com';
6343;'cato60@yahoo.com';
6344;'hi13@yahoo.com';
6345;'liji96@hotmail.com';
6346;'ta27@hotmail.com';
6347;'yu90@uniandes.edu.co';
6348;'pago90@uniandes.edu.co';
6349;'ru80@yahoo.com';
6350;'nibi43@hotmail.com';
6351;'vo49@yahoo.com';
6352;'wo16@hotmail.com';
6353;'bova94@uniandes.edu.co';
6354;'la59@yahoo.com';
6355;'yoje70@gmail.com';
6356;'no59@yahoo.com';
6357;'caqo38@yahoo.com';
6358;'viji97@yahoo.com';
6359;'mope61@yahoo.com';
6360;'bo43@hotmail.com';
6361;'luzu20@uniandes.edu.co';
6362;'hu98@yahoo.com';
6363;'xo16@gmail.com';
6364;'na19@yahoo.com';
6365;'qa71@hotmail.com';
6366;'gaye38@yahoo.com';
6367;'da78@gmail.com';
6368;'ha10@gmail.com';
6369;'wone18@yahoo.com';
6370;'late48@uniandes.edu.co';
6371;'xuze37@yahoo.com';
6372;'peqi24@uniandes.edu.co';
6373;'yuhi88@gmail.com';
6374;'le15@yahoo.com';
6375;'yinu25@yahoo.com';
6376;'qoki87@hotmail.com';
6377;'pi82@hotmail.com';
6378;'pimo68@hotmail.com';
6379;'zuba29@hotmail.com';
6380;'kequ94@yahoo.com';
6381;'jami48@uniandes.edu.co';
6382;'ga65@yahoo.com';
6383;'peca60@uniandes.edu.co';
6384;'gexu59@hotmail.com';
6385;'re36@uniandes.edu.co';
6386;'sicu93@gmail.com';
6387;'ru30@uniandes.edu.co';
6388;'vi39@hotmail.com';
6389;'paqi60@hotmail.com';
6390;'mure42@yahoo.com';
6391;'xavu68@gmail.com';
6392;'wi59@uniandes.edu.co';
6393;'pizu94@yahoo.com';
6394;'le92@hotmail.com';
6395;'ka30@hotmail.com';
6396;'wu12@gmail.com';
6397;'cusa56@hotmail.com';
6398;'xi27@uniandes.edu.co';
6399;'bi8@gmail.com';
6400;'lehi9@hotmail.com';
6401;'lu42@hotmail.com';
6402;'te12@uniandes.edu.co';
6403;'fabe13@yahoo.com';
6404;'fo3@gmail.com';
6405;'he12@hotmail.com';
6406;'ni64@yahoo.com';
6407;'hi97@yahoo.com';
6408;'qa42@gmail.com';
6409;'paga27@yahoo.com';
6410;'po10@hotmail.com';
6411;'qi14@uniandes.edu.co';
6412;'hika62@yahoo.com';
6413;'fe49@gmail.com';
6414;'gipa60@hotmail.com';
6415;'mudo97@uniandes.edu.co';
6416;'bidu77@yahoo.com';
6417;'doxu2@hotmail.com';
6418;'biwi38@yahoo.com';
6419;'qa27@hotmail.com';
6420;'du9@yahoo.com';
6421;'zenu43@hotmail.com';
6422;'ku18@hotmail.com';
6423;'pa32@hotmail.com';
6424;'pa11@yahoo.com';
6425;'ja97@yahoo.com';
6426;'tiqu56@hotmail.com';
6427;'wi31@yahoo.com';
6428;'he6@uniandes.edu.co';
6429;'zumu55@uniandes.edu.co';
6430;'juxa62@yahoo.com';
6431;'vo80@uniandes.edu.co';
6432;'ve60@yahoo.com';
6433;'wi38@hotmail.com';
6434;'lifu50@gmail.com';
6435;'su85@gmail.com';
6436;'fe9@hotmail.com';
6437;'ye21@uniandes.edu.co';
6438;'wa66@hotmail.com';
6439;'de15@uniandes.edu.co';
6440;'sego45@uniandes.edu.co';
6441;'quka1@hotmail.com';
6442;'du19@uniandes.edu.co';
6443;'ti2@hotmail.com';
6444;'ya32@yahoo.com';
6445;'muya9@gmail.com';
6446;'ro14@gmail.com';
6447;'ju88@gmail.com';
6448;'sewo26@hotmail.com';
6449;'ci99@gmail.com';
6450;'puna74@hotmail.com';
6451;'hile6@hotmail.com';
6452;'ki39@uniandes.edu.co';
6453;'pa65@hotmail.com';
6454;'jeye54@hotmail.com';
6455;'xiyi12@gmail.com';
6456;'jewi51@yahoo.com';
6457;'refa36@hotmail.com';
6458;'dici52@gmail.com';
6459;'mi57@hotmail.com';
6460;'pepu1@hotmail.com';
6461;'ji15@yahoo.com';
6462;'qi24@hotmail.com';
6463;'je16@uniandes.edu.co';
6464;'de71@uniandes.edu.co';
6465;'yu26@gmail.com';
6466;'ce89@gmail.com';
6467;'cono50@yahoo.com';
6468;'re42@hotmail.com';
6469;'hezo28@uniandes.edu.co';
6470;'pi15@yahoo.com';
6471;'baru90@hotmail.com';
6472;'kopu5@hotmail.com';
6473;'su25@yahoo.com';
6474;'hale30@uniandes.edu.co';
6475;'zuwu45@gmail.com';
6476;'xe43@uniandes.edu.co';
6477;'zo79@hotmail.com';
6478;'ke60@gmail.com';
6479;'wi42@uniandes.edu.co';
6480;'qago45@hotmail.com';
6481;'le16@hotmail.com';
6482;'sa32@hotmail.com';
6483;'sahi59@yahoo.com';
6484;'poge44@hotmail.com';
6485;'ca82@yahoo.com';
6486;'gako37@hotmail.com';
6487;'nu14@hotmail.com';
6488;'lofo49@hotmail.com';
6489;'lemu78@hotmail.com';
6490;'luwe32@hotmail.com';
6491;'bu40@hotmail.com';
6492;'ge35@yahoo.com';
6493;'finu18@uniandes.edu.co';
6494;'fudi88@yahoo.com';
6495;'xuwo66@uniandes.edu.co';
6496;'fupu56@hotmail.com';
6497;'ju90@hotmail.com';
6498;'bu19@uniandes.edu.co';
6499;'budo93@gmail.com';
6500;'peja91@uniandes.edu.co';
6501;'zafe68@yahoo.com';
